symbol,date,price,MA(5),Trend,MA(50),Series Without Trend,mes,Estacionidad,Residual,,,
CAURN,1/1/1976,10.5,,,,,,,,,,
CAURN,2/1/1976,10.1,,,,,,,,,,
CAURN,3/1/1976,9.4,9.32,,,,,,,,1,0.491651206
CAURN,4/1/1976,8.8,9,,,,,,,,2,0.315955473
CAURN,5/1/1976,7.8,8.88,,,,,,,,3,0.179962894
CAURN,6/1/1976,8.9,8.82,9.209090909,,-0.309090909,6,0.094727273,-0.403818182,,4,-0.09109462
CAURN,7/1/1976,9.5,8.84,9.081818182,,0.418181818,7,0.408436364,0.009745455,,5,-0.334471243
CAURN,8/1/1976,9.1,9.06,9.072727273,,0.027272727,8,0.079962894,-0.052690167,,6,0.094727273
CAURN,9/1/1976,8.9,9.16,9.118181818,,-0.218181818,9,-0.251205937,0.033024119,,7,0.408436364
CAURN,10/1/1976,8.9,9.08,9.163636364,,-0.263636364,10,-0.332096475,0.068460111,,8,0.079962894
CAURN,11/1/1976,9.4,9.26,9.227272727,,0.172727273,11,-0.246382189,0.419109462,,9,-0.251205937
CAURN,12/1/1976,9.1,9.46,9.109090909,,-0.009090909,12,-0.318923933,0.309833024,,10,-0.332096475
CAURN,1/1/1977,10,9.54,9.027272727,,0.972727273,1,0.491651206,0.481076067,,11,-0.246382189
CAURN,2/1/1977,9.9,9.36,8.981818182,,0.918181818,2,0.315955473,0.602226345,,12,-0.318923933
CAURN,3/1/1977,9.3,9.06,8.918181818,,0.381818182,3,0.179962894,0.201855288,,,
CAURN,4/1/1977,8.5,8.78,8.809090909,,-0.309090909,4,-0.09109462,-0.217996289,,,
CAURN,5/1/1977,7.6,8.52,8.627272727,,-1.027272727,5,-0.334471243,-0.692801484,,,
CAURN,6/1/1977,8.6,8.3,8.509090909,,0.090909091,6,0.094727273,-0.003818182,,,
CAURN,7/1/1977,8.6,8.14,8.245454545,,0.354545455,7,0.408436364,-0.053890909,,,
CAURN,8/1/1977,8.2,8.1,8.090909091,,0.109090909,8,0.079962894,0.029128015,,,
CAURN,9/1/1977,7.7,7.94,7.981818182,,-0.281818182,9,-0.251205937,-0.030612245,,,
CAURN,10/1/1977,7.4,7.64,7.936363636,,-0.536363636,10,-0.332096475,-0.204267161,,,
CAURN,11/1/1977,7.8,7.64,7.909090909,,-0.109090909,11,-0.246382189,0.13729128,,,
CAURN,12/1/1977,7.1,7.72,7.736363636,,-0.636363636,12,-0.318923933,-0.317439703,,,
CAURN,1/1/1978,8.2,7.84,7.6,7.678431373,0.6,1,0.491651206,0.108348794,,,
CAURN,2/1/1978,8.1,7.74,7.563636364,7.603921569,0.536363636,2,0.315955473,0.220408163,,,
CAURN,3/1/1978,8,7.66,7.490909091,7.537254902,0.509090909,3,0.179962894,0.329128015,,,
CAURN,4/1/1978,7.3,7.44,7.418181818,7.494117647,-0.118181818,4,-0.09109462,-0.027087199,,,
CAURN,5/1/1978,6.7,7.38,7.272727273,7.470588235,-0.572727273,5,-0.334471243,-0.23825603,,,
CAURN,6/1/1978,7.1,7.16,7.218181818,7.460784314,-0.118181818,6,0.094727273,-0.212909091,,,
CAURN,7/1/1978,7.8,7.02,7.054545455,7.419607843,0.745454545,7,0.408436364,0.337018182,,,
CAURN,8/1/1978,6.9,6.92,6.972727273,7.366666667,-0.072727273,8,0.079962894,-0.152690167,,,
CAURN,9/1/1978,6.6,6.8,6.881818182,7.325490196,-0.281818182,9,-0.251205937,-0.030612245,,,
CAURN,10/1/1978,6.2,6.52,6.827272727,7.278431373,-0.627272727,10,-0.332096475,-0.295176252,,,
CAURN,11/1/1978,6.5,6.58,6.772727273,7.258823529,-0.272727273,11,-0.246382189,-0.026345083,,,
CAURN,12/1/1978,6.4,6.66,6.627272727,7.22745098,-0.227272727,12,-0.318923933,0.091651206,,,
CAURN,1/1/1979,7.2,6.76,6.472727273,7.194117647,0.727272727,1,0.491651206,0.235621521,,,
CAURN,2/1/1979,7,6.68,6.427272727,7.133333333,0.572727273,2,0.315955473,0.2567718,,,
CAURN,3/1/1979,6.7,6.5,6.4,7.068627451,0.3,3,0.179962894,0.120037106,,,
CAURN,4/1/1979,6.1,6.28,6.372727273,7.025490196,-0.272727273,4,-0.09109462,-0.181632653,,,
CAURN,5/1/1979,5.5,6.16,6.318181818,7.001960784,-0.818181818,5,-0.334471243,-0.483710575,,,
CAURN,6/1/1979,6.1,6.08,6.272727273,6.992156863,-0.172727273,6,0.094727273,-0.267454545,,,
CAURN,7/1/1979,6.4,6.04,6.136363636,6.962745098,0.263636364,7,0.408436364,-0.1448,,,
CAURN,8/1/1979,6.3,6.12,6.118181818,6.941176471,0.181818182,8,0.079962894,0.101855288,,,
CAURN,9/1/1979,5.9,6.08,6.118181818,6.939215686,-0.218181818,9,-0.251205937,0.033024119,,,
CAURN,10/1/1979,5.9,5.94,6.154545455,6.950980392,-0.254545455,10,-0.332096475,0.07755102,,,
CAURN,11/1/1979,5.9,6.04,6.263636364,6.992156863,-0.363636364,11,-0.246382189,-0.117254174,,,
CAURN,12/1/1979,5.7,6.2,6.318181818,7.029411765,-0.618181818,12,-0.318923933,-0.299257885,,,
CAURN,1/1/1980,6.8,6.32,6.390909091,7.080392157,0.409090909,1,0.491651206,-0.082560297,,,
CAURN,2/1/1980,6.7,6.48,6.509090909,7.107843137,0.190909091,2,0.315955473,-0.125046382,,,
CAURN,3/1/1980,6.5,6.68,6.636363636,7.129411765,-0.136363636,3,0.179962894,-0.316326531,,,
CAURN,4/1/1980,6.7,6.76,6.718181818,7.166666667,-0.018181818,4,-0.09109462,0.072912801,,,
CAURN,5/1/1980,6.7,6.94,6.8,7.231372549,-0.1,5,-0.334471243,0.234471243,,,
CAURN,6/1/1980,7.2,7.1,6.918181818,7.298039216,0.281818182,6,0.094727273,0.187090909,,,
CAURN,7/1/1980,7.6,7.12,6.890909091,7.356862745,0.709090909,7,0.408436364,0.300654545,,,
CAURN,8/1/1980,7.3,7.14,7,7.407843137,0.3,8,0.079962894,0.220037106,,,
CAURN,9/1/1980,6.8,7.1,7.118181818,7.488235294,-0.318181818,9,-0.251205937,-0.066975881,,,
CAURN,10/1/1980,6.8,6.88,7.181818182,7.574509804,-0.381818182,10,-0.332096475,-0.049721707,,,
CAURN,11/1/1980,7,7,7.2,7.684313725,-0.2,11,-0.246382189,0.046382189,,,
CAURN,12/1/1980,6.5,7.2,7.145454545,7.78627451,-0.645454545,12,-0.318923933,-0.326530612,,,
CAURN,1/1/1981,7.9,7.32,7.1,7.878431373,0.8,1,0.491651206,0.308348794,,,
CAURN,2/1/1981,7.8,7.3,7.1,7.941176471,0.7,2,0.315955473,0.384044527,,,
CAURN,3/1/1981,7.4,7.32,7.127272727,7.998039216,0.272727273,3,0.179962894,0.092764378,,,
CAURN,4/1/1981,6.9,7.16,7.154545455,8.066666667,-0.254545455,4,-0.09109462,-0.163450835,,,
CAURN,5/1/1981,6.6,7.06,7.2,8.139215686,-0.6,5,-0.334471243,-0.265528757,,,
CAURN,6/1/1981,7.1,7,7.345454545,8.215686275,-0.245454545,6,0.094727273,-0.340181818,,,
CAURN,7/1/1981,7.3,7.04,7.381818182,8.268627451,-0.081818182,7,0.408436364,-0.490254545,,,
CAURN,8/1/1981,7.1,7.22,7.536363636,8.309803922,-0.436363636,8,0.079962894,-0.516326531,,,
CAURN,9/1/1981,7.1,7.42,7.745454545,8.350980392,-0.645454545,9,-0.251205937,-0.394248609,,,
CAURN,10/1/1981,7.5,7.62,8,8.396078431,-0.5,10,-0.332096475,-0.167903525,,,
CAURN,11/1/1981,8.1,8.1,8.272727273,8.454901961,-0.172727273,11,-0.246382189,0.073654917,,,
CAURN,12/1/1981,8.3,8.62,8.463636364,8.509803922,-0.163636364,12,-0.318923933,0.15528757,,,
CAURN,1/1/1982,9.5,9.06,8.7,8.562745098,0.8,1,0.491651206,0.308348794,,,
CAURN,2/1/1982,9.7,9.36,9.018181818,8.584313725,0.681818182,2,0.315955473,0.365862709,,,
CAURN,3/1/1982,9.7,9.54,9.290909091,8.596078431,0.409090909,3,0.179962894,0.229128015,,,
CAURN,4/1/1982,9.6,9.62,9.527272727,8.615686275,0.072727273,4,-0.09109462,0.163821892,,,
CAURN,5/1/1982,9.2,9.8,9.736363636,8.641176471,-0.536363636,5,-0.334471243,-0.201892393,,,
CAURN,6/1/1982,9.9,9.88,9.981818182,8.658823529,-0.081818182,6,0.094727273,-0.176545455,,,
CAURN,7/1/1982,10.6,9.98,10.11818182,8.660784314,0.481818182,7,0.408436364,0.073381818,,,
CAURN,8/1/1982,10.1,10.22,10.30909091,8.652941176,-0.209090909,8,0.079962894,-0.289053803,,,
CAURN,9/1/1982,10.1,10.44,10.49090909,8.650980392,-0.390909091,9,-0.251205937,-0.139703154,,,
CAURN,10/1/1982,10.4,10.52,10.62727273,8.656862745,-0.227272727,10,-0.332096475,0.104823748,,,
CAURN,11/1/1982,11,10.86,10.73636364,8.682352941,0.263636364,11,-0.246382189,0.510018553,,,
CAURN,12/1/1982,11,11.18,10.73636364,8.698039216,0.263636364,12,-0.318923933,0.582560297,,,
CAURN,1/1/1983,11.8,11.32,10.7,8.717647059,1.1,1,0.491651206,0.608348794,,,
CAURN,2/1/1983,11.7,11.2,10.67272727,8.703921569,1.027272727,2,0.315955473,0.711317254,,,
CAURN,3/1/1983,11.1,10.98,10.60909091,8.684313725,0.490909091,3,0.179962894,0.310946197,,,
CAURN,4/1/1983,10.4,10.66,10.46363636,8.682352941,-0.063636364,4,-0.09109462,0.027458256,,,
CAURN,5/1/1983,9.9,10.28,10.23636364,8.696078431,-0.336363636,5,-0.334471243,-0.001892393,,,
CAURN,6/1/1983,10.2,9.94,10,8.703921569,0.2,6,0.094727273,0.105272727,,,
CAURN,7/1/1983,9.8,9.62,9.672727273,8.7,0.127272727,7,0.408436364,-0.281163636,,,
CAURN,8/1/1983,9.4,9.34,9.418181818,8.690196078,-0.018181818,8,0.079962894,-0.098144712,,,
CAURN,9/1/1983,8.8,8.98,9.2,8.682352941,-0.4,9,-0.251205937,-0.148794063,,,
CAURN,10/1/1983,8.5,8.66,9.018181818,8.670588235,-0.518181818,10,-0.332096475,-0.186085343,,,
CAURN,11/1/1983,8.4,8.56,8.836363636,8.662745098,-0.436363636,11,-0.246382189,-0.189981447,,,
CAURN,12/1/1983,8.2,8.54,8.572727273,8.652941176,-0.372727273,12,-0.318923933,-0.05380334,,,
CAURN,1/1/1984,8.9,8.52,8.363636364,8.633333333,0.536363636,1,0.491651206,0.04471243,,,
CAURN,2/1/1984,8.7,8.42,8.236363636,8.580392157,0.463636364,2,0.315955473,0.147680891,,,
CAURN,3/1/1984,8.4,8.24,8.127272727,8.517647059,0.272727273,3,0.179962894,0.092764378,,,
CAURN,4/1/1984,7.9,7.96,8.018181818,8.460784314,-0.118181818,4,-0.09109462,-0.027087199,,,
CAURN,5/1/1984,7.3,7.82,7.909090909,8.411764706,-0.609090909,5,-0.334471243,-0.274619666,,,
CAURN,6/1/1984,7.5,7.66,7.818181818,8.358823529,-0.318181818,6,0.094727273,-0.412909091,,,
CAURN,7/1/1984,8,7.54,7.654545455,8.292156863,0.345454545,7,0.408436364,-0.062981818,,,
CAURN,8/1/1984,7.6,7.52,7.6,8.209803922,0,8,0.079962894,-0.079962894,,,
CAURN,9/1/1984,7.3,7.46,7.545454545,8.139215686,-0.245454545,9,-0.251205937,0.005751391,,,
CAURN,10/1/1984,7.2,7.28,7.509090909,8.060784314,-0.309090909,10,-0.332096475,0.023005566,,,
CAURN,11/1/1984,7.2,7.38,7.5,7.994117647,-0.3,11,-0.246382189,-0.053617811,,,
CAURN,12/1/1984,7.1,7.48,7.436363636,7.91372549,-0.336363636,12,-0.318923933,-0.017439703,,,
CAURN,1/1/1985,8.1,7.54,7.372727273,7.82745098,0.727272727,1,0.491651206,0.235621521,,,
CAURN,2/1/1985,7.8,7.54,7.372727273,7.711764706,0.427272727,2,0.315955473,0.111317254,,,
CAURN,3/1/1985,7.5,7.48,7.345454545,7.592156863,0.154545455,3,0.179962894,-0.02541744,,,
CAURN,4/1/1985,7.2,7.32,7.318181818,7.484313725,-0.118181818,4,-0.09109462,-0.027087199,,,
CAURN,5/1/1985,6.8,7.28,7.281818182,7.396078431,-0.481818182,5,-0.334471243,-0.147346939,,,
CAURN,6/1/1985,7.3,7.18,7.245454545,7.309803922,0.054545455,6,0.094727273,-0.040181818,,,
CAURN,7/1/1985,7.6,7.12,7.1,7.215686275,0.5,7,0.408436364,0.091563636,,,
CAURN,8/1/1985,7,7.12,7.036363636,7.129411765,-0.036363636,8,0.079962894,-0.116326531,,,
CAURN,9/1/1985,6.9,7,7.045454545,7.050980392,-0.145454545,9,-0.251205937,0.105751391,,,
CAURN,10/1/1985,6.8,6.78,7.054545455,6.976470588,-0.254545455,10,-0.332096475,0.07755102,,,
CAURN,11/1/1985,6.7,6.8,7.054545455,6.925490196,-0.354545455,11,-0.246382189,-0.108163265,,,
CAURN,12/1/1985,6.5,6.94,6.981818182,6.874509804,-0.481818182,12,-0.318923933,-0.162894249,,,
CAURN,1/1/1986,7.1,7.04,6.909090909,6.823529412,0.190909091,1,0.491651206,-0.300742115,,,
CAURN,2/1/1986,7.6,7.06,6.918181818,6.749019608,0.681818182,2,0.315955473,0.365862709,,,
CAURN,3/1/1986,7.3,7.06,6.881818182,6.678431373,0.418181818,3,0.179962894,0.238218924,,,
CAURN,4/1/1986,6.8,7,6.854545455,6.615686275,-0.054545455,4,-0.09109462,0.036549165,,,
CAURN,5/1/1986,6.5,6.9,6.827272727,6.570588235,-0.327272727,5,-0.334471243,0.007198516,,,
CAURN,6/1/1986,6.8,6.74,6.827272727,6.531372549,-0.027272727,6,0.094727273,-0.122,,,
CAURN,7/1/1986,7.1,6.68,6.736363636,6.482352941,0.363636364,7,0.408436364,-0.0448,,,
CAURN,8/1/1986,6.5,6.66,6.681818182,6.421568627,-0.181818182,8,0.079962894,-0.261781076,,,
CAURN,9/1/1986,6.5,6.6,6.645454545,6.37254902,-0.145454545,9,-0.251205937,0.105751391,,,
CAURN,10/1/1986,6.4,6.4,6.627272727,6.323529412,-0.227272727,10,-0.332096475,0.104823748,,,
CAURN,11/1/1986,6.5,6.5,6.572727273,6.294117647,-0.072727273,11,-0.246382189,0.173654917,,,
CAURN,12/1/1986,6.1,6.58,6.463636364,6.258823529,-0.363636364,12,-0.318923933,-0.04471243,,,
CAURN,1/1/1987,7,6.62,6.327272727,6.219607843,0.672727273,1,0.491651206,0.181076067,,,
CAURN,2/1/1987,6.9,6.5,6.272727273,6.158823529,0.627272727,2,0.315955473,0.311317254,,,
CAURN,3/1/1987,6.6,6.4,6.181818182,6.1,0.418181818,3,0.179962894,0.238218924,,,
CAURN,4/1/1987,5.9,6.12,6.090909091,6.054901961,-0.190909091,4,-0.09109462,-0.099814471,,,
CAURN,5/1/1987,5.6,5.92,5.990909091,6.019607843,-0.390909091,5,-0.334471243,-0.056437848,,,
CAURN,6/1/1987,5.6,5.7,5.927272727,5.982352941,-0.327272727,6,0.094727273,-0.422,,,
CAURN,7/1/1987,5.9,5.6,5.745454545,5.935294118,0.154545455,7,0.408436364,-0.253890909,,,
CAURN,8/1/1987,5.5,5.56,5.654545455,5.880392157,-0.154545455,8,0.079962894,-0.234508349,,,
CAURN,9/1/1987,5.4,5.52,5.581818182,5.843137255,-0.181818182,9,-0.251205937,0.069387755,,,
CAURN,10/1/1987,5.4,5.34,5.554545455,5.803921569,-0.154545455,10,-0.332096475,0.17755102,,,
CAURN,11/1/1987,5.4,5.42,5.509090909,5.782352941,-0.109090909,11,-0.246382189,0.13729128,,,
CAURN,12/1/1987,5,5.5,5.463636364,5.760784314,-0.463636364,12,-0.318923933,-0.14471243,,,
CAURN,1/1/1988,5.9,5.54,5.4,5.739215686,0.5,1,0.491651206,0.008348794,,,
CAURN,2/1/1988,5.8,5.48,5.409090909,5.705882353,0.390909091,2,0.315955473,0.074953618,,,
CAURN,3/1/1988,5.6,5.5,5.4,5.658823529,0.2,3,0.179962894,0.020037106,,,
CAURN,4/1/1988,5.1,5.36,5.363636364,5.619607843,-0.263636364,4,-0.09109462,-0.172541744,,,
CAURN,5/1/1988,5.1,5.32,5.318181818,5.601960784,-0.218181818,5,-0.334471243,0.116289425,,,
CAURN,6/1/1988,5.2,5.26,5.327272727,5.588235294,-0.127272727,6,0.094727273,-0.222,,,
CAURN,7/1/1988,5.6,5.24,5.227272727,5.570588235,0.372727273,7,0.408436364,-0.035709091,,,
CAURN,8/1/1988,5.3,5.2,5.218181818,5.547058824,0.081818182,8,0.079962894,0.001855288,,,
CAURN,9/1/1988,5,5.18,5.2,5.547058824,-0.2,9,-0.251205937,0.051205937,,,
CAURN,10/1/1988,4.9,5.02,5.2,5.549019608,-0.3,10,-0.332096475,0.032096475,,,
CAURN,11/1/1988,5.1,5.1,5.190909091,5.57254902,-0.090909091,11,-0.246382189,0.155473098,,,
CAURN,12/1/1988,4.8,5.18,5.154545455,5.601960784,-0.354545455,12,-0.318923933,-0.035621521,,,
CAURN,1/1/1989,5.7,5.22,5.118181818,5.639215686,0.581818182,1,0.491651206,0.090166976,,,
CAURN,2/1/1989,5.4,5.2,5.127272727,5.649019608,0.272727273,2,0.315955473,-0.0432282,,,
CAURN,3/1/1989,5.1,5.2,5.118181818,5.662745098,-0.018181818,3,0.179962894,-0.198144712,,,
CAURN,4/1/1989,5,5.1,5.118181818,5.688235294,-0.118181818,4,-0.09109462,-0.027087199,,,
CAURN,5/1/1989,4.8,5.1,5.090909091,5.731372549,-0.290909091,5,-0.334471243,0.043562152,,,
CAURN,6/1/1989,5.2,5.06,5.118181818,5.77254902,0.081818182,6,0.094727273,-0.012909091,,,
CAURN,7/1/1989,5.4,5.04,5.045454545,5.81372549,0.354545455,7,0.408436364,-0.053890909,,,
CAURN,8/1/1989,4.9,5.04,5.072727273,5.849019608,-0.172727273,8,0.079962894,-0.252690167,,,
CAURN,9/1/1989,4.9,5.02,5.118181818,5.896078431,-0.218181818,9,-0.251205937,0.033024119,,,
CAURN,10/1/1989,4.8,4.92,5.154545455,5.949019608,-0.354545455,10,-0.332096475,-0.02244898,,,
CAURN,11/1/1989,5.1,5.08,5.209090909,6.025490196,-0.109090909,11,-0.246382189,0.13729128,,,
CAURN,12/1/1989,4.9,5.22,5.209090909,6.105882353,-0.309090909,12,-0.318923933,0.009833024,,,
CAURN,1/1/1990,5.7,5.34,5.2,6.190196078,0.5,1,0.491651206,0.008348794,,,
CAURN,2/1/1990,5.6,5.4,5.290909091,6.245098039,0.309090909,2,0.315955473,-0.006864564,,,
CAURN,3/1/1990,5.4,5.46,5.372727273,6.303921569,0.027272727,3,0.179962894,-0.152690167,,,
CAURN,4/1/1990,5.4,5.38,5.472727273,6.382352941,-0.072727273,4,-0.09109462,0.018367347,,,
CAURN,5/1/1990,5.2,5.44,5.545454545,6.474509804,-0.345454545,5,-0.334471243,-0.010983302,,,
CAURN,6/1/1990,5.3,5.52,5.690909091,6.560784314,-0.390909091,6,0.094727273,-0.485636364,,,
CAURN,7/1/1990,5.9,5.62,5.772727273,6.645098039,0.127272727,7,0.408436364,-0.281163636,,,
CAURN,8/1/1990,5.8,5.76,5.954545455,6.717647059,-0.154545455,8,0.079962894,-0.234508349,,,
CAURN,9/1/1990,5.9,6,6.190909091,6.803921569,-0.290909091,9,-0.251205937,-0.039703154,,,
CAURN,10/1/1990,5.9,6.14,6.427272727,6.892156863,-0.527272727,10,-0.332096475,-0.195176252,,,
CAURN,11/1/1990,6.5,6.5,6.636363636,7,-0.136363636,11,-0.246382189,0.110018553,,,
CAURN,12/1/1990,6.6,6.92,6.845454545,7.103921569,-0.245454545,12,-0.318923933,0.073469388,,,
CAURN,1/1/1991,7.6,7.34,7.027272727,7.205882353,0.572727273,1,0.491651206,0.081076067,,,
CAURN,2/1/1991,8,7.54,7.236363636,7.280392157,0.763636364,2,0.315955473,0.447680891,,,
CAURN,3/1/1991,8,7.74,7.4,7.354901961,0.6,3,0.179962894,0.420037106,,,
CAURN,4/1/1991,7.5,7.8,7.563636364,7.445098039,-0.063636364,4,-0.09109462,0.027458256,,,
CAURN,5/1/1991,7.6,7.82,7.672727273,7.539215686,-0.072727273,5,-0.334471243,0.26174397,,,
CAURN,6/1/1991,7.9,7.76,7.790909091,7.62745098,0.109090909,6,0.094727273,0.014363636,,,
CAURN,7/1/1991,8.1,7.8,7.836363636,7.703921569,0.263636364,7,0.408436364,-0.1448,,,
CAURN,8/1/1991,7.7,7.82,7.954545455,7.778431373,-0.254545455,8,0.079962894,-0.334508349,,,
CAURN,9/1/1991,7.7,7.82,8.090909091,7.858823529,-0.390909091,9,-0.251205937,-0.139703154,,,
CAURN,10/1/1991,7.7,7.82,8.254545455,7.933333333,-0.554545455,10,-0.332096475,-0.22244898,,,
CAURN,11/1/1991,7.9,8.14,8.354545455,8.035294118,-0.454545455,11,-0.246382189,-0.208163265,,,
CAURN,12/1/1991,8.1,8.5,8.436363636,8.12745098,-0.336363636,12,-0.318923933,-0.017439703,,,
CAURN,1/1/1992,9.3,8.82,8.572727273,8.217647059,0.727272727,1,0.491651206,0.235621521,,,
CAURN,2/1/1992,9.5,8.98,8.763636364,8.280392157,0.736363636,2,0.315955473,0.420408163,,,
CAURN,3/1/1992,9.3,9.12,8.927272727,8.333333333,0.372727273,3,0.179962894,0.192764378,,,
CAURN,4/1/1992,8.7,9.18,9.090909091,8.398039216,-0.390909091,4,-0.09109462,-0.299814471,,,
CAURN,5/1/1992,8.8,9.24,9.218181818,8.468627451,-0.418181818,5,-0.334471243,-0.083710575,,,
CAURN,6/1/1992,9.6,9.28,9.363636364,8.535294118,0.236363636,6,0.094727273,0.141636364,,,
CAURN,7/1/1992,9.8,9.44,9.381818182,8.590196078,0.418181818,7,0.408436364,0.009745455,,,
CAURN,8/1/1992,9.5,9.54,9.463636364,8.629411765,0.036363636,8,0.079962894,-0.043599258,,,
CAURN,9/1/1992,9.5,9.56,9.563636364,8.668627451,-0.063636364,9,-0.251205937,0.187569573,,,
CAURN,10/1/1992,9.3,9.5,9.681818182,8.696078431,-0.381818182,10,-0.332096475,-0.049721707,,,
CAURN,11/1/1992,9.7,9.68,9.745454545,8.749019608,-0.045454545,11,-0.246382189,0.200927644,,,
CAURN,12/1/1992,9.5,9.86,9.709090909,8.780392157,-0.209090909,12,-0.318923933,0.109833024,,,
CAURN,1/1/1993,10.4,10,9.7,8.807843137,0.7,1,0.491651206,0.208348794,,,
CAURN,2/1/1993,10.4,9.96,9.727272727,8.815686275,0.672727273,2,0.315955473,0.3567718,,,
CAURN,3/1/1993,10,9.9,9.709090909,8.807843137,0.290909091,3,0.179962894,0.110946197,,,
CAURN,4/1/1993,9.5,9.76,9.690909091,8.805882353,-0.190909091,4,-0.09109462,-0.099814471,,,
CAURN,5/1/1993,9.2,9.64,9.645454545,8.823529412,-0.445454545,5,-0.334471243,-0.110983302,,,
CAURN,6/1/1993,9.7,9.5,9.6,8.829411765,0.1,6,0.094727273,0.005272727,,,
CAURN,7/1/1993,9.8,9.42,9.445454545,8.825490196,0.354545455,7,0.408436364,-0.053890909,,,
CAURN,8/1/1993,9.3,9.42,9.409090909,8.81372549,-0.109090909,8,0.079962894,-0.189053803,,,
CAURN,9/1/1993,9.1,9.28,9.390909091,8.81372549,-0.290909091,9,-0.251205937,-0.039703154,,,
CAURN,10/1/1993,9.2,9.06,9.390909091,8.807843137,-0.190909091,10,-0.332096475,0.141187384,,,
CAURN,11/1/1993,9,9.2,9.363636364,8.823529412,-0.363636364,11,-0.246382189,-0.117254174,,,
CAURN,12/1/1993,8.7,9.34,9.236363636,8.82745098,-0.536363636,12,-0.318923933,-0.217439703,,,
CAURN,1/1/1994,10,9.4,9.136363636,8.825490196,0.863636364,1,0.491651206,0.371985158,,,
CAURN,2/1/1994,9.8,9.38,9.109090909,8.790196078,0.690909091,2,0.315955473,0.374953618,,,
CAURN,3/1/1994,9.5,9.3,9.063636364,8.745098039,0.436363636,3,0.179962894,0.256400742,,,
CAURN,4/1/1994,8.9,9.04,8.963636364,8.703921569,-0.063636364,4,-0.09109462,0.027458256,,,
CAURN,5/1/1994,8.3,8.88,8.863636364,8.684313725,-0.563636364,5,-0.334471243,-0.229165121,,,
CAURN,6/1/1994,8.7,8.7,8.781818182,8.647058824,-0.081818182,6,0.094727273,-0.176545455,,,
CAURN,7/1/1994,9,8.54,8.536363636,8.592156863,0.463636364,7,0.408436364,0.0552,,,
CAURN,8/1/1994,8.6,8.46,8.427272727,8.531372549,0.172727273,8,0.079962894,0.092764378,,,
CAURN,9/1/1994,8.1,8.28,8.3,8.480392157,-0.2,9,-0.251205937,0.051205937,,,
CAURN,10/1/1994,7.9,7.94,8.218181818,8.423529412,-0.318181818,10,-0.332096475,0.013914657,,,
CAURN,11/1/1994,7.8,7.94,8.190909091,8.390196078,-0.390909091,11,-0.246382189,-0.144526902,,,
CAURN,12/1/1994,7.3,7.94,8.090909091,8.341176471,-0.790909091,12,-0.318923933,-0.471985158,,,
CAURN,1/1/1995,8.6,7.96,7.990909091,8.292156863,0.609090909,1,0.491651206,0.117439703,,,
CAURN,2/1/1995,8.1,8,7.972727273,8.21372549,0.127272727,2,0.315955473,-0.188682746,,,
CAURN,3/1/1995,8,8.06,7.954545455,8.12745098,0.045454545,3,0.179962894,-0.134508349,,,
CAURN,4/1/1995,8,7.92,7.936363636,8.056862745,0.063636364,4,-0.09109462,0.154730983,,,
CAURN,5/1/1995,7.6,7.98,7.909090909,8,-0.309090909,5,-0.334471243,0.025380334,,,
CAURN,6/1/1995,7.9,7.96,7.945454545,7.943137255,-0.045454545,6,0.094727273,-0.140181818,,,
CAURN,7/1/1995,8.4,7.9,7.836363636,7.87254902,0.563636364,7,0.408436364,0.1552,,,
CAURN,8/1/1995,7.9,7.88,7.872727273,7.794117647,0.027272727,8,0.079962894,-0.052690167,,,
CAURN,9/1/1995,7.7,7.84,7.881818182,7.725490196,-0.181818182,9,-0.251205937,0.069387755,,,
CAURN,10/1/1995,7.5,7.64,7.881818182,7.660784314,-0.381818182,10,-0.332096475,-0.049721707,,,
CAURN,11/1/1995,7.7,7.76,7.872727273,7.609803922,-0.172727273,11,-0.246382189,0.073654917,,,
CAURN,12/1/1995,7.4,7.84,7.809090909,7.556862745,-0.409090909,12,-0.318923933,-0.090166976,,,
CAURN,1/1/1996,8.5,7.94,7.7,7.51372549,0.8,1,0.491651206,0.308348794,,,
CAURN,2/1/1996,8.1,7.9,7.681818182,7.42745098,0.418181818,2,0.315955473,0.102226345,,,
CAURN,3/1/1996,8,7.86,7.609090909,7.343137255,0.390909091,3,0.179962894,0.210946197,,,
CAURN,4/1/1996,7.5,7.6,7.545454545,7.274509804,-0.045454545,4,-0.09109462,0.045640074,,,
CAURN,5/1/1996,7.2,7.52,7.454545455,7.221568627,-0.254545455,5,-0.334471243,0.079925788,,,
CAURN,6/1/1996,7.2,7.3,7.409090909,7.176470588,-0.209090909,6,0.094727273,-0.303818182,,,
CAURN,7/1/1996,7.7,7.16,7.236363636,7.121568627,0.463636364,7,0.408436364,0.0552,,,
CAURN,8/1/1996,6.9,7.06,7.190909091,7.058823529,-0.290909091,8,0.079962894,-0.370871985,,,
CAURN,9/1/1996,6.8,7,7.118181818,7.001960784,-0.318181818,9,-0.251205937,-0.066975881,,,
CAURN,10/1/1996,6.7,6.78,7.072727273,6.949019608,-0.372727273,10,-0.332096475,-0.040630798,,,
CAURN,11/1/1996,6.9,6.92,7,6.91372549,-0.1,11,-0.246382189,0.146382189,,,
CAURN,12/1/1996,6.6,7,6.890909091,6.878431373,-0.290909091,12,-0.318923933,0.028014842,,,
CAURN,1/1/1997,7.6,7.06,6.772727273,6.847058824,0.827272727,1,0.491651206,0.335621521,,,
CAURN,2/1/1997,7.2,6.96,6.745454545,6.782352941,0.454545455,2,0.315955473,0.138589981,,,
CAURN,3/1/1997,7,6.84,6.7,6.715686275,0.3,3,0.179962894,0.120037106,,,
CAURN,4/1/1997,6.4,6.6,6.645454545,6.662745098,-0.245454545,4,-0.09109462,-0.154359926,,,
CAURN,5/1/1997,6,6.48,6.545454545,6.61372549,-0.545454545,5,-0.334471243,-0.210983302,,,
CAURN,6/1/1997,6.4,6.34,6.472727273,6.564705882,-0.072727273,6,0.094727273,-0.167454545,,,
CAURN,7/1/1997,6.6,6.28,6.309090909,6.507843137,0.290909091,7,0.408436364,-0.117527273,,,
CAURN,8/1/1997,6.3,6.24,6.254545455,6.437254902,0.045454545,8,0.079962894,-0.034508349,,,
CAURN,9/1/1997,6.1,6.12,6.190909091,6.378431373,-0.090909091,9,-0.251205937,0.160296846,,,
CAURN,10/1/1997,5.8,5.96,6.2,6.319607843,-0.4,10,-0.332096475,-0.067903525,,,
CAURN,11/1/1997,5.8,6.02,6.163636364,6.278431373,-0.363636364,11,-0.246382189,-0.117254174,,,
CAURN,12/1/1997,5.8,6.06,6.081818182,6.231372549,-0.281818182,12,-0.318923933,0.037105751,,,
CAURN,1/1/1998,6.6,6.2,6.027272727,6.192156863,0.572727273,1,0.491651206,0.081076067,,,
CAURN,2/1/1998,6.3,6.16,6.018181818,6.117647059,0.281818182,2,0.315955473,-0.034137291,,,
CAURN,3/1/1998,6.5,6.1,6.009090909,6.052941176,0.490909091,3,0.179962894,0.310946197,,,
CAURN,4/1/1998,5.6,5.98,6.018181818,5.994117647,-0.418181818,4,-0.09109462,-0.327087199,,,
CAURN,5/1/1998,5.5,5.96,6.018181818,5.949019608,-0.518181818,5,-0.334471243,-0.183710575,,,
CAURN,6/1/1998,6,5.86,6.009090909,5.907843137,-0.009090909,6,0.094727273,-0.103818182,,,
CAURN,7/1/1998,6.2,5.92,5.9,5.856862745,0.3,7,0.408436364,-0.108436364,,,
CAURN,8/1/1998,6,5.98,5.881818182,5.794117647,0.118181818,8,0.079962894,0.038218924,,,
CAURN,9/1/1998,5.9,5.92,5.836363636,5.749019608,0.063636364,9,-0.251205937,0.314842301,,,
CAURN,10/1/1998,5.8,5.76,5.845454545,5.701960784,-0.045454545,10,-0.332096475,0.286641929,,,
CAURN,11/1/1998,5.7,5.78,5.827272727,5.67254902,-0.127272727,11,-0.246382189,0.119109462,,,
CAURN,12/1/1998,5.4,5.8,5.709090909,5.635294118,-0.309090909,12,-0.318923933,0.009833024,,,
CAURN,1/1/1999,6.1,5.78,5.627272727,5.607843137,0.472727273,1,0.491651206,-0.018923933,,,
CAURN,2/1/1999,6,5.7,5.581818182,5.554901961,0.418181818,2,0.315955473,0.102226345,,,
CAURN,3/1/1999,5.7,5.56,5.509090909,5.503921569,0.190909091,3,0.179962894,0.010946197,,,
CAURN,4/1/1999,5.3,5.4,5.436363636,5.470588235,-0.136363636,4,-0.09109462,-0.045269017,,,
CAURN,5/1/1999,4.7,5.3,5.354545455,5.452941176,-0.654545455,5,-0.334471243,-0.320074212,,,
CAURN,6/1/1999,5.3,5.18,5.309090909,5.447058824,-0.009090909,6,0.094727273,-0.103818182,,,
CAURN,7/1/1999,5.5,5.12,5.181818182,5.429411765,0.318181818,7,0.408436364,-0.090254545,,,
CAURN,8/1/1999,5.1,5.14,5.127272727,5.417647059,-0.027272727,8,0.079962894,-0.107235622,,,
CAURN,9/1/1999,5,5.06,5.090909091,5.417647059,-0.090909091,9,-0.251205937,0.160296846,,,
CAURN,10/1/1999,4.8,4.9,5.1,5.421568627,-0.3,10,-0.332096475,0.032096475,,,
CAURN,11/1/1999,4.9,4.96,5.1,5.447058824,-0.2,11,-0.246382189,0.046382189,,,
CAURN,12/1/1999,4.7,5.02,5.054545455,5.468627451,-0.354545455,12,-0.318923933,-0.035621521,,,
CAURN,1/1/2000,5.4,5.14,5.009090909,5.492156863,0.390909091,1,0.491651206,-0.100742115,,,
CAURN,2/1/2000,5.3,5.1,5.018181818,5.494117647,0.281818182,2,0.315955473,-0.034137291,,,
CAURN,3/1/2000,5.4,5.12,5.027272727,5.494117647,0.372727273,3,0.179962894,0.192764378,,,
CAURN,4/1/2000,4.7,5.04,5.009090909,5.5,-0.309090909,4,-0.09109462,-0.217996289,,,
CAURN,5/1/2000,4.8,5.02,4.972727273,5.52745098,-0.172727273,5,-0.334471243,0.16174397,,,
CAURN,6/1/2000,5,4.96,4.963636364,5.552941176,0.036363636,6,0.094727273,-0.058363636,,,
CAURN,7/1/2000,5.2,4.94,4.872727273,5.560784314,0.327272727,7,0.408436364,-0.081163636,,,
CAURN,8/1/2000,5.1,4.88,4.863636364,5.566666667,0.236363636,8,0.079962894,0.156400742,,,
CAURN,9/1/2000,4.6,4.8,4.827272727,5.582352941,-0.227272727,9,-0.251205937,0.02393321,,,
CAURN,10/1/2000,4.5,4.64,4.872727273,5.6,-0.372727273,10,-0.332096475,-0.040630798,,,
CAURN,11/1/2000,4.6,4.66,4.881818182,5.631372549,-0.281818182,11,-0.246382189,-0.035435993,,,
CAURN,12/1/2000,4.4,4.74,4.845454545,5.660784314,-0.445454545,12,-0.318923933,-0.126530612,,,
CAURN,1/1/2001,5.2,4.88,4.854545455,5.696078431,0.345454545,1,0.491651206,-0.14619666,,,
CAURN,2/1/2001,5,4.94,4.890909091,5.709803922,0.109090909,2,0.315955473,-0.206864564,,,
CAURN,3/1/2001,5.2,4.98,4.990909091,5.719607843,0.209090909,3,0.179962894,0.029128015,,,
CAURN,4/1/2001,4.9,5,5.081818182,5.750980392,-0.181818182,4,-0.09109462,-0.090723562,,,
CAURN,5/1/2001,4.6,5.1,5.209090909,5.788235294,-0.609090909,5,-0.334471243,-0.274619666,,,
CAURN,6/1/2001,5.3,5.2,5.381818182,5.831372549,-0.081818182,6,0.094727273,-0.176545455,,,
CAURN,7/1/2001,5.5,5.32,5.481818182,5.856862745,0.018181818,7,0.408436364,-0.390254545,,,
CAURN,8/1/2001,5.7,5.6,5.672727273,5.878431373,0.027272727,8,0.079962894,-0.052690167,,,
CAURN,9/1/2001,5.5,5.8,5.827272727,5.909803922,-0.327272727,9,-0.251205937,-0.07606679,,,
CAURN,10/1/2001,6,5.96,6.018181818,5.935294118,-0.018181818,10,-0.332096475,0.313914657,,,
CAURN,11/1/2001,6.3,6.24,6.209090909,5.978431373,0.090909091,11,-0.246382189,0.33729128,,,
CAURN,12/1/2001,6.3,6.52,6.3,6.01372549,0,12,-0.318923933,0.318923933,,,
CAURN,1/1/2002,7.1,6.72,6.418181818,6.058823529,0.681818182,1,0.491651206,0.190166976,,,
CAURN,2/1/2002,6.9,6.8,6.536363636,6.076470588,0.363636364,2,0.315955473,0.047680891,,,
CAURN,3/1/2002,7,6.8,6.654545455,6.090196078,0.345454545,3,0.179962894,0.165491651,,,
CAURN,4/1/2002,6.7,6.74,6.690909091,6.109803922,0.009090909,4,-0.09109462,0.100185529,,,
CAURN,5/1/2002,6.3,6.76,6.709090909,6.145098039,-0.409090909,5,-0.334471243,-0.074619666,,,
CAURN,6/1/2002,6.8,6.72,6.754545455,6.168627451,0.045454545,6,0.094727273,-0.049272727,,,
CAURN,7/1/2002,7,6.66,6.727272727,6.182352941,0.272727273,7,0.408436364,-0.135709091,,,
CAURN,8/1/2002,6.8,6.7,6.772727273,6.192156863,0.027272727,8,0.079962894,-0.052690167,,,
CAURN,9/1/2002,6.4,6.7,6.790909091,6.205882353,-0.390909091,9,-0.251205937,-0.139703154,,,
CAURN,10/1/2002,6.5,6.66,6.836363636,6.225490196,-0.336363636,10,-0.332096475,-0.004267161,,,
CAURN,11/1/2002,6.8,6.78,6.881818182,6.258823529,-0.081818182,11,-0.246382189,0.164564007,,,
CAURN,12/1/2002,6.8,6.94,6.854545455,6.288235294,-0.054545455,12,-0.318923933,0.264378479,,,
CAURN,1/1/2003,7.4,7.08,6.881818182,6.315686275,0.518181818,1,0.491651206,0.026530612,,,
CAURN,2/1/2003,7.2,7.08,6.918181818,6.317647059,0.281818182,2,0.315955473,-0.034137291,,,
CAURN,3/1/2003,7.2,7.02,6.963636364,6.317647059,0.236363636,3,0.179962894,0.056400742,,,
CAURN,4/1/2003,6.8,7,6.972727273,6.321568627,-0.172727273,4,-0.09109462,-0.081632653,,,
CAURN,5/1/2003,6.5,7,6.954545455,6.333333333,-0.454545455,5,-0.334471243,-0.120074212,,,
CAURN,6/1/2003,7.3,6.94,6.945454545,6.345098039,0.354545455,6,0.094727273,0.259818182,,,
CAURN,7/1/2003,7.2,6.9,6.845454545,6.341176471,0.354545455,7,0.408436364,-0.053890909,,,
CAURN,8/1/2003,6.9,6.92,6.827272727,6.331372549,0.072727273,8,0.079962894,-0.007235622,,,
CAURN,9/1/2003,6.6,6.8,6.781818182,6.321568627,-0.181818182,9,-0.251205937,0.069387755,,,
CAURN,10/1/2003,6.6,6.62,6.8,6.309803922,-0.2,10,-0.332096475,0.132096475,,,
CAURN,11/1/2003,6.7,6.64,6.781818182,6.296078431,-0.081818182,11,-0.246382189,0.164564007,,,
CAURN,12/1/2003,6.3,6.66,6.663636364,6.276470588,-0.363636364,12,-0.318923933,-0.04471243,,,
CAURN,1/1/2004,7,6.74,6.590909091,6.252941176,0.409090909,1,0.491651206,-0.082560297,,,
CAURN,2/1/2004,6.7,6.66,6.554545455,6.207843137,0.145454545,2,0.315955473,-0.170500928,,,
CAURN,3/1/2004,7,6.6,6.5,6.160784314,0.5,3,0.179962894,0.320037106,,,
CAURN,4/1/2004,6.3,6.48,6.418181818,6.119607843,-0.118181818,4,-0.09109462,-0.027087199,,,
CAURN,5/1/2004,6,6.44,6.327272727,6.090196078,-0.327272727,5,-0.334471243,0.007198516,,,
CAURN,6/1/2004,6.4,6.24,6.281818182,6.062745098,0.118181818,6,0.094727273,0.023454545,,,
CAURN,7/1/2004,6.5,6.12,6.154545455,6.019607843,0.345454545,7,0.408436364,-0.062981818,,,
CAURN,8/1/2004,6,6.06,6.109090909,5.968627451,-0.109090909,8,0.079962894,-0.189053803,,,
CAURN,9/1/2004,5.7,5.94,6.027272727,5.92745098,-0.327272727,9,-0.251205937,-0.07606679,,,
CAURN,10/1/2004,5.7,5.76,5.981818182,5.894117647,-0.281818182,10,-0.332096475,0.050278293,,,
CAURN,11/1/2004,5.8,5.8,5.918181818,5.874509804,-0.118181818,11,-0.246382189,0.128200371,,,
CAURN,12/1/2004,5.6,5.88,5.790909091,5.845098039,-0.190909091,12,-0.318923933,0.128014842,,,
CAURN,1/1/2005,6.2,5.9,5.690909091,5.81372549,0.509090909,1,0.491651206,0.017439703,,,
CAURN,2/1/2005,6.1,5.8,5.645454545,5.766666667,0.454545455,2,0.315955473,0.138589981,,,
CAURN,3/1/2005,5.8,5.68,5.6,5.717647059,0.2,3,0.179962894,0.020037106,,,
CAURN,4/1/2005,5.3,5.52,5.545454545,5.680392157,-0.245454545,4,-0.09109462,-0.154359926,,,
CAURN,5/1/2005,5,5.4,5.472727273,5.656862745,-0.472727273,5,-0.334471243,-0.13825603,,,
CAURN,6/1/2005,5.4,5.28,5.436363636,5.635294118,-0.036363636,6,0.094727273,-0.131090909,,,
CAURN,7/1/2005,5.5,5.24,5.318181818,5.598039216,0.181818182,7,0.408436364,-0.226618182,,,
CAURN,8/1/2005,5.2,5.24,5.245454545,5.560784314,-0.045454545,8,0.079962894,-0.12541744,,,
CAURN,9/1/2005,5.1,5.2,5.2,5.533333333,-0.1,9,-0.251205937,0.151205937,,,
CAURN,10/1/2005,5,5.08,5.181818182,5.517647059,-0.181818182,10,-0.332096475,0.150278293,,,
CAURN,11/1/2005,5.2,5.1,5.163636364,5.51372549,0.036363636,11,-0.246382189,0.282745826,,,
CAURN,12/1/2005,4.9,5.14,5.081818182,5.503921569,-0.181818182,12,-0.318923933,0.137105751,,,
CAURN,1/1/2006,5.3,5.16,5.027272727,5.507843137,0.272727273,1,0.491651206,-0.218923933,,,
CAURN,2/1/2006,5.3,5.08,5.027272727,5.488235294,0.272727273,2,0.315955473,-0.0432282,,,
CAURN,3/1/2006,5.1,5,5.009090909,5.482352941,0.090909091,3,0.179962894,-0.089053803,,,
CAURN,4/1/2006,4.8,4.92,4.972727273,5.482352941,-0.172727273,4,-0.09109462,-0.081632653,,,
CAURN,5/1/2006,4.5,4.9,4.9,5.507843137,-0.4,5,-0.334471243,-0.065528757,,,
CAURN,6/1/2006,4.9,4.86,4.881818182,5.543137255,0.018181818,6,0.094727273,-0.076545455,,,
CAURN,7/1/2006,5.2,4.82,4.827272727,5.568627451,0.372727273,7,0.408436364,-0.035709091,,,
CAURN,8/1/2006,4.9,4.8,4.845454545,5.598039216,0.054545455,8,0.079962894,-0.02541744,,,
CAURN,9/1/2006,4.6,4.76,4.863636364,5.645098039,-0.263636364,9,-0.251205937,-0.012430427,,,
CAURN,10/1/2006,4.4,4.66,4.9,5.711764706,-0.5,10,-0.332096475,-0.167903525,,,
CAURN,11/1/2006,4.7,4.78,4.945454545,5.805882353,-0.245454545,11,-0.246382189,0.000927644,,,
CAURN,12/1/2006,4.7,4.92,4.927272727,5.905882353,-0.227272727,12,-0.318923933,0.091651206,,,
CAURN,1/1/2007,5.5,5.08,4.936363636,6.015686275,0.563636364,1,0.491651206,0.071985158,,,
CAURN,2/1/2007,5.3,5.14,5,6.105882353,0.3,2,0.315955473,-0.015955473,,,
CAURN,3/1/2007,5.2,5.14,5.072727273,6.201960784,0.127272727,3,0.179962894,-0.052690167,,,
CAURN,4/1/2007,5,5.1,5.163636364,6.317647059,-0.163636364,4,-0.09109462,-0.072541744,,,
CAURN,5/1/2007,4.7,5.16,5.218181818,6.449019608,-0.518181818,5,-0.334471243,-0.183710575,,,
CAURN,6/1/2007,5.3,5.2,5.290909091,6.584313725,0.009090909,6,0.094727273,-0.085636364,,,
CAURN,7/1/2007,5.6,5.28,5.318181818,6.709803922,0.281818182,7,0.408436364,-0.126618182,,,
CAURN,8/1/2007,5.4,5.4,5.418181818,6.835294118,-0.018181818,8,0.079962894,-0.098144712,,,
CAURN,9/1/2007,5.4,5.44,5.509090909,6.966666667,-0.109090909,9,-0.251205937,0.142115028,,,
CAURN,10/1/2007,5.3,5.48,5.645454545,7.103921569,-0.345454545,10,-0.332096475,-0.013358071,,,
CAURN,11/1/2007,5.5,5.68,5.763636364,7.260784314,-0.263636364,11,-0.246382189,-0.017254174,,,
CAURN,12/1/2007,5.8,5.84,5.863636364,7.409803922,-0.063636364,12,-0.318923933,0.25528757,,,
CAURN,1/1/2008,6.4,6.08,5.990909091,7.564705882,0.409090909,1,0.491651206,-0.082560297,,,
CAURN,2/1/2008,6.2,6.18,6.190909091,7.698039216,0.009090909,2,0.315955473,-0.306864564,,,
CAURN,3/1/2008,6.5,6.3,6.409090909,7.825490196,0.090909091,3,0.179962894,-0.089053803,,,
CAURN,4/1/2008,6,6.42,6.627272727,7.964705882,-0.627272727,4,-0.09109462,-0.536178108,,,
CAURN,5/1/2008,6.4,6.7,6.854545455,8.117647059,-0.454545455,5,-0.334471243,-0.120074212,,,
CAURN,6/1/2008,7,6.96,7.090909091,8.27254902,-0.090909091,6,0.094727273,-0.185636364,,,
CAURN,7/1/2008,7.6,7.3,7.336363636,8.411764706,0.263636364,7,0.408436364,-0.1448,,,
CAURN,8/1/2008,7.8,7.62,7.727272727,8.543137255,0.072727273,8,0.079962894,-0.007235622,,,
CAURN,9/1/2008,7.7,7.9,8.127272727,8.688235294,-0.427272727,9,-0.251205937,-0.17606679,,,
CAURN,10/1/2008,8,8.2,8.6,8.835294118,-0.6,10,-0.332096475,-0.267903525,,,
CAURN,11/1/2008,8.4,8.74,9,8.996078431,-0.6,11,-0.246382189,-0.353617811,,,
CAURN,12/1/2008,9.1,9.38,9.363636364,9.145098039,-0.263636364,12,-0.318923933,0.05528757,,,
CAURN,1/1/2009,10.5,10.02,9.736363636,9.290196078,0.763636364,1,0.491651206,0.271985158,,,
CAURN,2/1/2009,10.9,10.5,10.11818182,9.407843137,0.781818182,2,0.315955473,0.465862709,,,
CAURN,3/1/2009,11.2,10.88,10.5,9.525490196,0.7,3,0.179962894,0.520037106,,,
CAURN,4/1/2009,10.8,11.12,10.84545455,9.660784314,-0.045454545,4,-0.09109462,0.045640074,,,
CAURN,5/1/2009,11,11.34,11.16363636,9.801960784,-0.163636364,5,-0.334471243,0.170834879,,,
CAURN,6/1/2009,11.7,11.48,11.41818182,9.943137255,0.281818182,6,0.094727273,0.187090909,,,
CAURN,7/1/2009,12,11.68,11.56363636,10.06470588,0.436363636,7,0.408436364,0.027927273,,,
CAURN,8/1/2009,11.9,11.86,11.75454545,10.17647059,0.145454545,8,0.079962894,0.065491651,,,
CAURN,9/1/2009,11.8,11.9,11.9,10.28627451,-0.1,9,-0.251205937,0.151205937,,,
CAURN,10/1/2009,11.9,11.92,12.08181818,10.39607843,-0.181818182,10,-0.332096475,0.150278293,,,
CAURN,11/1/2009,11.9,12.14,12.18181818,10.51568627,-0.281818182,11,-0.246382189,-0.035435993,,,
CAURN,12/1/2009,12.1,12.34,12.19090909,10.62745098,-0.090909091,12,-0.318923933,0.228014842,,,
CAURN,1/1/2010,13,12.52,12.20909091,10.72941176,0.790909091,1,0.491651206,0.299257885,,,
CAURN,2/1/2010,12.8,12.56,12.27272727,10.80588235,0.527272727,2,0.315955473,0.211317254,,,
CAURN,3/1/2010,12.8,12.5,12.32727273,10.88235294,0.472727273,3,0.179962894,0.292764378,,,
CAURN,4/1/2010,12.1,12.34,12.33636364,10.96470588,-0.236363636,4,-0.09109462,-0.145269017,,,
CAURN,5/1/2010,11.8,12.3,12.33636364,11.06078431,-0.536363636,5,-0.334471243,-0.201892393,,,
CAURN,6/1/2010,12.2,12.22,12.35454545,11.14117647,-0.154545455,6,0.094727273,-0.249272727,,,
CAURN,7/1/2010,12.6,12.2,12.27272727,11.19411765,0.327272727,7,0.408436364,-0.081163636,,,
CAURN,8/1/2010,12.4,12.22,12.25454545,11.23529412,0.145454545,8,0.079962894,0.065491651,,,
CAURN,9/1/2010,12,12.24,12.20909091,11.26862745,-0.209090909,9,-0.251205937,0.042115028,,,
CAURN,10/1/2010,11.9,12.14,12.20909091,11.30784314,-0.309090909,10,-0.332096475,0.023005566,,,
CAURN,11/1/2010,12.3,12.18,12.18181818,11.35490196,0.118181818,11,-0.246382189,0.364564007,,,
CAURN,12/1/2010,12.1,12.24,12.1,11.38235294,0,12,-0.318923933,0.318923933,,,
CAURN,1/1/2011,12.6,12.28,12.05454545,11.38823529,0.545454545,1,0.491651206,0.05380334,,,
CAURN,2/1/2011,12.3,12.12,12.03636364,11.35490196,0.263636364,2,0.315955473,-0.052319109,,,
CAURN,3/1/2011,12.1,11.96,12.02727273,11.30980392,0.072727273,3,0.179962894,-0.107235622,,,
CAURN,4/1/2011,11.5,11.86,11.99090909,11.2745098,-0.490909091,4,-0.09109462,-0.399814471,,,
CAURN,5/1/2011,11.3,11.84,11.9,11.24705882,-0.6,5,-0.334471243,-0.265528757,,,
CAURN,6/1/2011,12.1,11.8,11.8,11.20980392,0.3,6,0.094727273,0.205272727,,,
CAURN,7/1/2011,12.2,11.8,11.65454545,11.14901961,0.545454545,7,0.408436364,0.137018182,,,
CAURN,8/1/2011,11.9,11.8,11.57272727,11.08235294,0.327272727,8,0.079962894,0.247309833,,,
CAURN,9/1/2011,11.5,11.58,11.49090909,11.01176471,0.009090909,9,-0.251205937,0.260296846,,,
CAURN,10/1/2011,11.3,11.34,11.44545455,10.9372549,-0.145454545,10,-0.332096475,0.186641929,,,
CAURN,11/1/2011,11,11.24,11.35454545,10.87058824,-0.354545455,11,-0.246382189,-0.108163265,,,
CAURN,12/1/2011,11,11.18,11.17272727,10.80196078,-0.172727273,12,-0.318923933,0.14619666,,,
CAURN,1/1/2012,11.4,11.12,11.03636364,10.72745098,0.363636364,1,0.491651206,-0.128014842,,,
CAURN,2/1/2012,11.2,10.98,10.94545455,10.61568627,0.254545455,2,0.315955473,-0.061410019,,,
CAURN,3/1/2012,11,10.8,10.85454545,10.50588235,0.145454545,3,0.179962894,-0.034508349,,,
CAURN,4/1/2012,10.3,10.66,10.70909091,10.40196078,-0.409090909,4,-0.09109462,-0.317996289,,,
CAURN,5/1/2012,10.1,10.6,10.59090909,10.32156863,-0.490909091,5,-0.334471243,-0.156437848,,,
CAURN,6/1/2012,10.7,10.5,10.45454545,10.24117647,0.245454545,6,0.094727273,0.150727273,,,
CAURN,7/1/2012,10.9,10.38,10.3,10.14117647,0.6,7,0.408436364,0.191563636,,,
CAURN,8/1/2012,10.5,10.3,10.22727273,10.03137255,0.272727273,8,0.079962894,0.192764378,,,
CAURN,9/1/2012,9.7,10.06,10.11818182,9.925490196,-0.418181818,9,-0.251205937,-0.166975881,,,
CAURN,10/1/2012,9.7,9.82,10.03636364,9.821568627,-0.336363636,10,-0.332096475,-0.004267161,,,
CAURN,11/1/2012,9.5,9.8,9.918181818,9.731372549,-0.418181818,11,-0.246382189,-0.171799629,,,
CAURN,12/1/2012,9.7,9.82,9.727272727,9.625490196,-0.027272727,12,-0.318923933,0.291651206,,,
CAURN,1/1/2013,10.4,9.76,9.590909091,9.519607843,0.809090909,1,0.491651206,0.317439703,,,
CAURN,2/1/2013,9.8,9.62,9.490909091,9.394117647,0.309090909,2,0.315955473,-0.006864564,,,
CAURN,3/1/2013,9.4,9.4,9.436363636,9.274509804,-0.036363636,3,0.179962894,-0.216326531,,,
CAURN,4/1/2013,8.8,9.2,9.336363636,9.160784314,-0.536363636,4,-0.09109462,-0.445269017,,,
CAURN,5/1/2013,8.6,9.12,9.254545455,9.062745098,-0.654545455,5,-0.334471243,-0.320074212,,,
CAURN,6/1/2013,9.4,9.06,9.127272727,8.960784314,0.272727273,6,0.094727273,0.178,,,
CAURN,7/1/2013,9.4,9.02,8.909090909,8.835294118,0.490909091,7,0.408436364,0.082472727,,,
CAURN,8/1/2013,9.1,9.02,8.790909091,8.707843137,0.309090909,8,0.079962894,0.229128015,,,
CAURN,9/1/2013,8.6,8.8,8.7,8.58627451,-0.1,9,-0.251205937,0.151205937,,,
CAURN,10/1/2013,8.6,8.52,8.654545455,8.470588235,-0.054545455,10,-0.332096475,0.27755102,,,
CAURN,11/1/2013,8.3,8.4,8.536363636,8.366666667,-0.236363636,11,-0.246382189,0.010018553,,,
CAURN,12/1/2013,8,8.36,8.336363636,8.264705882,-0.336363636,12,-0.318923933,-0.017439703,,,
CAURN,1/1/2014,8.5,8.3,8.163636364,8.162745098,0.336363636,1,0.491651206,-0.15528757,,,
CAURN,2/1/2014,8.4,8.1,8.063636364,8.045098039,0.336363636,2,0.315955473,0.020408163,,,
CAURN,3/1/2014,8.3,7.94,7.981818182,7.921568627,0.318181818,3,0.179962894,0.138218924,,,
CAURN,4/1/2014,7.3,7.74,7.845454545,7.817647059,-0.545454545,4,-0.09109462,-0.454359926,,,
CAURN,5/1/2014,7.2,7.66,7.727272727,7.729411765,-0.527272727,5,-0.334471243,-0.192801484,,,
CAURN,6/1/2014,7.5,7.54,7.636363636,7.643137255,-0.136363636,6,0.094727273,-0.231090909,,,
CAURN,7/1/2014,8,7.5,7.472727273,7.539215686,0.527272727,7,0.408436364,0.118836364,,,
CAURN,8/1/2014,7.7,7.46,7.372727273,7.431372549,0.327272727,8,0.079962894,0.247309833,,,
CAURN,9/1/2014,7.1,7.36,7.245454545,7.325490196,-0.145454545,9,-0.251205937,0.105751391,,,
CAURN,10/1/2014,7,7.1,7.190909091,7.237254902,-0.190909091,10,-0.332096475,0.141187384,,,
CAURN,11/1/2014,7,7.02,7.1,7.158823529,-0.1,11,-0.246382189,0.146382189,,,
CAURN,12/1/2014,6.7,6.98,6.981818182,7.078431373,-0.281818182,12,-0.318923933,0.037105751,,,
CAURN,1/1/2015,7.3,6.92,6.827272727,6.988235294,0.472727273,1,0.491651206,-0.018923933,,,
CAURN,2/1/2015,6.9,6.76,6.718181818,6.876470588,0.181818182,2,0.315955473,-0.134137291,,,
CAURN,3/1/2015,6.7,6.66,6.627272727,6.770588235,0.072727273,3,0.179962894,-0.107235622,,,
CAURN,4/1/2015,6.2,6.46,6.509090909,6.682352941,-0.309090909,4,-0.09109462,-0.217996289,,,
CAURN,5/1/2015,6.2,6.38,6.390909091,6.611764706,-0.190909091,5,-0.334471243,0.143562152,,,
CAURN,6/1/2015,6.3,6.26,6.3,6.543137255,0,6,0.094727273,-0.094727273,,,
CAURN,7/1/2015,6.5,6.16,6.145454545,6.447058824,0.354545455,7,0.408436364,-0.053890909,,,
CAURN,8/1/2015,6.1,6.06,6.063636364,6.347058824,0.036363636,8,0.079962894,-0.043599258,,,
CAURN,9/1/2015,5.7,5.94,5.981818182,6.252941176,-0.281818182,9,-0.251205937,-0.030612245,,,
CAURN,10/1/2015,5.7,5.76,5.945454545,6.168627451,-0.245454545,10,-0.332096475,0.086641929,,,
CAURN,11/1/2015,5.7,5.74,5.872727273,6.094117647,-0.172727273,11,-0.246382189,0.073654917,,,
CAURN,12/1/2015,5.6,5.76,5.745454545,6.021568627,-0.145454545,12,-0.318923933,0.173469388,,,
CAURN,1/1/2016,6,5.78,5.672727273,5.952941176,0.327272727,1,0.491651206,-0.164378479,,,
CAURN,2/1/2016,5.8,5.72,5.645454545,5.866666667,0.154545455,2,0.315955473,-0.161410019,,,
CAURN,3/1/2016,5.8,5.58,5.645454545,5.774509804,0.154545455,3,0.179962894,-0.02541744,,,
CAURN,4/1/2016,5.4,5.52,5.618181818,5.698039216,-0.218181818,4,-0.09109462,-0.127087199,,,
CAURN,5/1/2016,4.9,5.52,5.590909091,5.641176471,-0.690909091,5,-0.334471243,-0.356437848,,,
CAURN,6/1/2016,5.7,5.5,5.545454545,5.58627451,0.154545455,6,0.094727273,0.059818182,,,
CAURN,7/1/2016,5.8,5.5,5.472727273,5.517647059,0.327272727,7,0.408436364,-0.081163636,,,
CAURN,8/1/2016,5.7,5.6,5.463636364,5.439215686,0.236363636,8,0.079962894,0.156400742,,,
CAURN,9/1/2016,5.4,5.48,5.427272727,5.366666667,-0.027272727,9,-0.251205937,0.22393321,,,
CAURN,10/1/2016,5.4,5.36,5.4,5.309803922,0,10,-0.332096475,0.332096475,,,
CAURN,11/1/2016,5.1,5.36,5.381818182,5.268627451,-0.281818182,11,-0.246382189,-0.035435993,,,
CAURN,12/1/2016,5.2,5.36,5.263636364,5.217647059,-0.063636364,12,-0.318923933,0.25528757,,,
CAURN,1/1/2017,5.7,5.3,5.181818182,5.174509804,0.518181818,1,0.491651206,0.026530612,,,
CAURN,2/1/2017,5.4,5.22,5.136363636,5.105882353,0.263636364,2,0.315955473,-0.052319109,,,
CAURN,3/1/2017,5.1,5.06,5.109090909,5.041176471,-0.009090909,3,0.179962894,-0.189053803,,,
CAURN,4/1/2017,4.7,4.9,5.027272727,4.992156863,-0.327272727,4,-0.09109462,-0.236178108,,,
CAURN,5/1/2017,4.4,4.86,4.954545455,4.956862745,-0.554545455,5,-0.334471243,-0.220074212,,,
CAURN,6/1/2017,4.9,4.86,4.872727273,4.917647059,0.027272727,6,0.094727273,-0.067454545,,,
CAURN,7/1/2017,5.2,4.82,4.745454545,4.866666667,0.454545455,7,0.408436364,0.046109091,,,
CAURN,8/1/2017,5.1,4.8,4.690909091,4.81372549,0.409090909,8,0.079962894,0.329128015,,,
CAURN,9/1/2017,4.5,4.68,4.645454545,4.768627451,-0.145454545,9,-0.251205937,0.105751391,,,
CAURN,10/1/2017,4.3,4.5,4.627272727,4.733333333,-0.327272727,10,-0.332096475,0.004823748,,,
CAURN,11/1/2017,4.3,4.44,4.6,4.709803922,-0.3,11,-0.246382189,-0.053617811,,,
CAURN,12/1/2017,4.3,4.46,4.490909091,4.682352941,-0.190909091,12,-0.318923933,0.128014842,,,
CAURN,1/1/2018,4.8,4.5,4.418181818,4.696078431,0.381818182,1,0.491651206,-0.109833024,,,
CAURN,2/1/2018,4.6,4.46,4.354545455,4.88627451,0.245454545,2,0.315955473,-0.070500928,,,
CAURN,3/1/2018,4.5,4.34,4.345454545,5.078431373,0.154545455,3,0.179962894,-0.02541744,,,
CAURN,4/1/2018,4.1,4.26,4.318181818,5.237254902,-0.218181818,4,-0.09109462,-0.127087199,,,
CAURN,5/1/2018,3.7,4.22,4.290909091,5.398039216,-0.590909091,5,-0.334471243,-0.256437848,,,
CAURN,6/1/2018,4.4,4.2,4.263636364,5.533333333,0.136363636,6,0.094727273,0.041636364,,,
CAURN,7/1/2018,4.4,4.18,4.209090909,5.615686275,0.190909091,7,0.408436364,-0.217527273,,,
CAURN,8/1/2018,4.4,4.24,4.236363636,5.674509804,0.163636364,8,0.079962894,0.083673469,,,
CAURN,9/1/2018,4,4.16,4.227272727,5.733333333,-0.227272727,9,-0.251205937,0.02393321,,,
CAURN,10/1/2018,4,4.12,4.263636364,5.801960784,-0.263636364,10,-0.332096475,0.068460111,,,
CAURN,11/1/2018,4,4.22,4.272727273,5.874509804,-0.272727273,11,-0.246382189,-0.026345083,,,
CAURN,12/1/2018,4.2,4.3,4.2,5.947058824,0,12,-0.318923933,0.318923933,,,
CAURN,1/1/2019,4.9,4.4,4.181818182,6.011764706,0.718181818,1,0.491651206,0.226530612,,,
CAURN,2/1/2019,4.4,4.36,4.181818182,6.062745098,0.218181818,2,0.315955473,-0.097773655,,,
CAURN,3/1/2019,4.5,4.24,4.2,6.105882353,0.3,3,0.179962894,0.120037106,,,
CAURN,4/1/2019,3.8,4.1,4.172727273,6.166666667,-0.372727273,4,-0.09109462,-0.281632653,,,
CAURN,5/1/2019,3.6,4.1,4.154545455,6.225490196,-0.554545455,5,-0.334471243,-0.220074212,,,
CAURN,6/1/2019,4.2,4.04,4.118181818,6.282352941,0.081818182,6,0.094727273,-0.012909091,,,
CAURN,7/1/2019,4.4,4.02,4.027272727,6.309803922,0.372727273,7,0.408436364,-0.035709091,,,
CAURN,8/1/2019,4.2,4.06,4.036363636,6.323529412,0.163636364,8,0.079962894,0.083673469,,,
CAURN,9/1/2019,3.7,3.98,4.018181818,6.329411765,-0.318181818,9,-0.251205937,-0.066975881,,,
CAURN,10/1/2019,3.8,3.88,4.245454545,6.339215686,-0.445454545,10,-0.332096475,-0.113358071,,,
CAURN,11/1/2019,3.8,3.94,5.345454545,6.364705882,-1.545454545,11,-0.246382189,-1.299072356,,,
CAURN,12/1/2019,3.9,4.06,6.381818182,6.378431373,-2.481818182,12,-0.318923933,-2.162894249,,,
CAURN,1/1/2020,4.5,4.56,7.245454545,6.382352941,-2.745454545,1,0.491651206,-3.237105751,,,
CAURN,2/1/2020,4.3,6.94,8.1,6.366666667,-3.8,2,0.315955473,-4.115955473,,,
CAURN,3/1/2020,6.3,9.28,8.836363636,6.349019608,-2.536363636,3,0.179962894,-2.716326531,,,
CAURN,4/1/2020,15.7,11.16,9.390909091,6.343137255,6.309090909,4,-0.09109462,6.400185529,,,
CAURN,5/1/2020,15.6,13.02,9.845454545,6.343137255,5.754545455,5,-0.334471243,6.089016698,,,
CAURN,6/1/2020,13.9,14.12,10.28181818,6.352941176,3.618181818,6,0.094727273,3.523454545,,,
CAURN,7/1/2020,13.6,12.96,10.68181818,6.341176471,2.918181818,7,0.408436364,2.509745455,,,
CAURN,8/1/2020,11.8,11.6,11.11818182,6.333333333,0.681818182,8,0.079962894,0.601855288,,,
CAURN,9/1/2020,9.9,10.56,11.34545455,6.32745098,-1.445454545,9,-0.251205937,-1.194248609,,,
CAURN,10/1/2020,8.8,9.62,10.69090909,6.32745098,-1.890909091,10,-0.332096475,-1.558812616,,,
CAURN,11/1/2020,8.7,9.08,10.02727273,6.341176471,-1.327272727,11,-0.246382189,-1.080890538,,,
CAURN,12/1/2020,8.9,8.86,9.454545455,6.356862745,-0.554545455,12,-0.318923933,-0.235621521,,,
CAURN,1/1/2021,9.1,8.8,8.963636364,6.366666667,0.136363636,1,0.491651206,-0.35528757,,,
CAURN,2/1/2021,8.8,8.72,8.590909091,6.350980392,0.209090909,2,0.315955473,-0.106864564,,,
CAURN,3/1/2021,8.5,8.46,8.354545455,6.349019608,0.145454545,3,0.179962894,-0.034508349,,,
CAURN,4/1/2021,8.3,8.28,8.127272727,6.352941176,0.172727273,4,-0.09109462,0.263821892,,,
CAURN,5/1/2021,7.6,8.06,7.872727273,6.37254902,-0.272727273,5,-0.334471243,0.06174397,,,
CAURN,6/1/2021,8.2,7.82,7.554545455,6.401960784,0.645454545,6,0.094727273,0.550727273,,,
CAURN,7/1/2021,7.7,7.42,7.181818182,6.41372549,0.518181818,7,0.408436364,0.109745455,,,
CAURN,8/1/2021,7.3,7.08,6.890909091,6.423529412,0.409090909,8,0.079962894,0.329128015,,,
CAURN,9/1/2021,6.3,6.52,6.572727273,6.435294118,-0.272727273,9,-0.251205937,-0.021521336,,,
CAURN,10/1/2021,5.9,5.98,6.227272727,6.458823529,-0.327272727,10,-0.332096475,0.004823748,,,
CAURN,11/1/2021,5.4,5.64,5.9,6.490196078,-0.5,11,-0.246382189,-0.253617811,,,
CAURN,12/1/2021,5,5.38,5.490909091,6.521568627,-0.490909091,12,-0.318923933,-0.171985158,,,
CAURN,1/1/2022,5.6,5.1,5.172727273,6.547058824,0.427272727,1,0.491651206,-0.064378479,,,
CAURN,2/1/2022,5,4.82,4.881818182,6.552941176,0.118181818,2,0.315955473,-0.197773655,,,
CAURN,3/1/2022,4.5,4.56,4.690909091,6.560784314,-0.190909091,3,0.179962894,-0.370871985,,,
CAURN,4/1/2022,4,4.28,4.5,6.543137255,-0.5,4,-0.09109462,-0.40890538,,,
CAURN,5/1/2022,3.7,4.1,4.372727273,6.350980392,-0.672727273,5,-0.334471243,-0.33825603,,,
CAURN,6/1/2022,4.2,4.04,4.290909091,6.160784314,-0.090909091,6,0.094727273,-0.185636364,,,
CAURN,7/1/2022,4.1,4,4.145454545,5.990196078,-0.045454545,7,0.408436364,-0.453890909,,,
CAURN,8/1/2022,4.2,4.06,4.118181818,5.82745098,0.081818182,8,0.079962894,0.001855288,,,
CAURN,9/1/2022,3.8,4.04,4.145454545,5.701960784,-0.345454545,9,-0.251205937,-0.094248609,,,
CAURN,10/1/2022,4,4.02,4.209090909,5.609803922,-0.209090909,10,-0.332096475,0.123005566,,,
CAURN,11/1/2022,4.1,4.12,4.245454545,5.545098039,-0.145454545,11,-0.246382189,0.100927644,,,
CAURN,12/1/2022,4,4.32,4.254545455,5.482352941,-0.254545455,12,-0.318923933,0.064378479,,,
CAURN,1/1/2023,4.7,4.46,4.309090909,5.411764706,0.390909091,1,0.491651206,-0.100742115,,,
CAURN,2/1/2023,4.8,4.46,4.363636364,5.331372549,0.436363636,2,0.315955473,0.120408163,,,
CAURN,3/1/2023,4.7,4.52,4.481818182,5.256862745,0.218181818,3,0.179962894,0.038218924,,,
CAURN,4/1/2023,4.1,4.52,4.554545455,5.203921569,-0.454545455,4,-0.09109462,-0.363450835,,,
CAURN,5/1/2023,4.3,4.52,4.627272727,5.160784314,-0.327272727,5,-0.334471243,0.007198516,,,
CAURN,6/1/2023,4.7,4.6,4.7,5.125490196,0,6,0.094727273,-0.094727273,,,
CAURN,7/1/2023,4.8,4.74,4.718181818,5.074509804,0.081818182,7,0.408436364,-0.326618182,,,
CAURN,8/1/2023,5.1,4.86,4.772727273,5.022,0.327272727,8,0.079962894,0.247309833,,,
CAURN,9/1/2023,4.8,4.88,4.836363636,4.984,-0.036363636,9,-0.251205937,0.214842301,,,
CAURN,10/1/2023,4.9,4.9,4.936363636,4.96,-0.036363636,10,-0.332096475,0.295732839,,,
CAURN,11/1/2023,4.8,4.96,4.981818182,,-0.181818182,11,-0.246382189,0.064564007,,,
CAURN,12/1/2023,4.9,5.08,4.981818182,,-0.081818182,12,-0.318923933,0.237105751,,,
CAURN,1/1/2024,5.4,5.14,5.036363636,,0.363636364,1,0.491651206,-0.128014842,,,
CAURN,2/1/2024,5.4,5.14,5.109090909,,0.290909091,2,0.315955473,-0.025046382,,,
CAURN,3/1/2024,5.2,5.1,5.209090909,,-0.009090909,3,0.179962894,-0.189053803,,,
CAURN,4/1/2024,4.8,5.1,5.236363636,,-0.436363636,4,-0.09109462,-0.345269017,,,
CAURN,5/1/2024,4.7,5.2,5.281818182,,-0.581818182,5,-0.334471243,-0.247346939,,,
CAURN,6/1/2024,5.4,5.34,5.327272727,,0.072727273,6,0.094727273,-0.022,,,
CAURN,7/1/2024,5.9,5.42,5.309090909,,0.590909091,7,0.408436364,0.182472727,,,
CAURN,8/1/2024,5.9,5.54,5.318181818,,0.581818182,8,0.079962894,0.501855288,,,
CAURN,9/1/2024,5.2,5.54,5.345454545,,-0.145454545,9,-0.251205937,0.105751391,,,
CAURN,10/1/2024,5.3,5.4,5.390909091,,-0.090909091,10,-0.332096475,0.241187384,,,
CAURN,11/1/2024,5.4,5.32,5.418181818,,-0.018181818,11,-0.246382189,0.228200371,,,
CAURN,12/1/2024,5.2,5.38,5.381818182,,-0.181818182,12,-0.318923933,0.137105751,,,
CAURN,1/1/2025,5.5,5.38,5.372727273,,0.127272727,1,0.491651206,-0.364378479,,,
CAURN,2/1/2025,5.5,5.3,5.390909091,,0.109090909,2,0.315955473,-0.206864564,,,
CAURN,3/1/2025,5.3,5.26,5.445454545,,-0.145454545,3,0.179962894,-0.32541744,,,
CAURN,4/1/2025,5,5.32,5.472727273,,-0.472727273,4,-0.09109462,-0.381632653,,,
CAURN,5/1/2025,5,5.44,5.48,,-0.48,5,-0.334471243,-0.145528757,,,
CAURN,6/1/2025,5.8,5.54,5.5,,0.3,6,0.094727273,0.205272727,,,
CAURN,7/1/2025,6.1,5.66,5.46,,0.64,7,0.408436364,0.231563636,,,
CAURN,8/1/2025,5.8,5.825,,,,,#N/A,#N/A,,,
CAURN,9/1/2025,5.6,5.725,,,,,#N/A,#N/A,,,
CAURN,10/1/2025,NA,5.475,,,,,#N/A,#VALUE!,,,
CAURN,11/1/2025,5.4,,,,,,#N/A,#N/A,,,
CAURN,12/1/2025,5.1,,,,,,#N/A,#N/A,,,
